<?xml version="1.0" encoding="utf-8"?>
<?xml-model href="car.xsd"?>
<car>
  <name>testCar</name>
  <WheelMotionParamList>
    <LENGTH>5</LENGTH>
    <MAX_ANGLE>0.523</MAX_ANGLE>
    <ROTATE_SPEED>0.349</ROTATE_SPEED>
    <MAX_LINEAR_SPEED>40</MAX_LINEAR_SPEED>
    <MAX_FRONT_ACCELERATION>3</MAX_FRONT_ACCELERATION>
    <MAX_BRAKE_ACCELERATION>2.5</MAX_BRAKE_ACCELERATION>
    <MAX_LATERAL_ACCELERATION>1</MAX_LATERAL_ACCELERATION>
	<MAX_CLIMBING_ACCELERATION>3.3</MAX_CLIMBING_ACCELERATION>
	<OIL_REMAIN>1000.0</OIL_REMAIN>
	<OIL_CONSUMPTION>100.0</OIL_CONSUMPTION>
  </WheelMotionParamList>
  <DamageModel>
	<repairTime_K>0.8</repairTime_K>
	<repairTime_KK>1.8</repairTime_KK>
  </DamageModel>
  <entity>
    <Block>
      <length>6</length>
      <width>5.5</width>
      <height>2</height>
    </Block>
    <ProtectionModel>
      <armor_front>0.2</armor_front>
      <armor_back>0.2</armor_back>
      <armor_side>0.2</armor_side>
      <armor_bottom>0.2</armor_bottom>
      <armor_top>0.2</armor_top>
	  <activeProtectionAmmo>10</activeProtectionAmmo>
	  <hidden>1</hidden>
	  <Interception_probability1>0.6</Interception_probability1>
	  <Interception_probability2>0.4</Interception_probability2>
	  <active_interference_rate>0.5</active_interference_rate>
	  <active_interference_distance>900</active_interference_distance>
    </ProtectionModel>
	<DamageModel/>
    <FireUnit>
      <fireZone>
        <yawLeft>0</yawLeft>
        <yawRight>0</yawRight>
        <pitchUp>0</pitchUp>
        <pitchDown>0</pitchDown>
      </fireZone>
      <rotateZone>
        <yawLeft>3.14159266</yawLeft>
        <yawRight>-3.14159266</yawRight>
        <pitchUp>-0.34906585</pitchUp>
        <pitchDown>0.174532925</pitchDown>
      </rotateZone>
      <rotateSpeed>
        <yaw>0.157</yaw>
        <pitch>0.157</pitch>
      </rotateSpeed>
      <weapon>
        <ammoType>AP</ammoType>
        <ammoRemain>40</ammoRemain>
        <reloadingTime>0</reloadingTime>
        <range>5000</range>
        <speed>1300</speed>
		<param1>900</param1>
		<param2>1000</param2>
        <ammototal>40</ammototal>
      </weapon>
    </FireUnit>
    <Coordinate>
      <position>
        <x>0</x>
        <y>0</y>
        <z>-1</z>
      </position>
      <attitude>
        <roll>0</roll>
        <yaw>0</yaw>
        <pitch>0</pitch>
      </attitude>
    </Coordinate>
    <SensorData>
      <type>tanksensor</type>
		<detectrange>10000</detectrange>
		<detectprobability>1</detectprobability>
		<target_positioning_accuracy>0</target_positioning_accuracy>
    </SensorData>
    <CommunicationData>
      <type>antenna</type>
    </CommunicationData>
    <!-- base -->
  </entity>
	<entity>
		<Block>
			<length>6</length>
			<width>5.5</width>
			<height>2</height>
		</Block>
		<ProtectionModel>
			<armor_front>0.2</armor_front>
			<armor_back>0.2</armor_back>
			<armor_side>0.2</armor_side>
			<armor_bottom>0.2</armor_bottom>
			<armor_top>0.2</armor_top>
			<activeProtectionAmmo>10</activeProtectionAmmo>
			<hidden>1</hidden>
			<Interception_probability1>0.6</Interception_probability1>
			<Interception_probability2>0.4</Interception_probability2>
			<active_interference_rate>0.5</active_interference_rate>
			<active_interference_distance>900</active_interference_distance>
		</ProtectionModel>
		<DamageModel/>
		<FireUnit>
			<fireZone>
				<yawLeft>0</yawLeft>
				<yawRight>0</yawRight>
				<pitchUp>0</pitchUp>
				<pitchDown>0</pitchDown>
			</fireZone>
			<rotateZone>
				<yawLeft>3.14159266</yawLeft>
				<yawRight>-3.14159266</yawRight>
				<pitchUp>-0.34906585</pitchUp>
				<pitchDown>0.174532925</pitchDown>
			</rotateZone>
			<rotateSpeed>
				<yaw>0.157</yaw>
				<pitch>0.157</pitch>
			</rotateSpeed>
			<weapon>
				<ammoType>AP</ammoType>
				<ammoRemain>40</ammoRemain>
				<reloadingTime>0</reloadingTime>
				<range>5000</range>
				<speed>1300</speed>
				<param1>900</param1>
				<param2>1000</param2>
				<ammototal>40</ammototal>
			</weapon>
		</FireUnit>
		<Coordinate>
			<position>
				<x>0</x>
				<y>0</y>
				<z>-1</z>
			</position>
			<attitude>
				<roll>0</roll>
				<yaw>0</yaw>
				<pitch>0</pitch>
			</attitude>
		</Coordinate>
		<SensorData>
			<type>tanksensor</type>
			<detectrange>10000</detectrange>
			<detectprobability>1</detectprobability>
			<target_positioning_accuracy>0</target_positioning_accuracy>
		</SensorData>
		<CommunicationData>
			<type>antenna</type>
		</CommunicationData>
		<!-- base -->
	</entity>
</car>
