<?xml version="1.0" encoding="UTF-8"?>
<?xml-model href="car.xsd"?>
<car>
    <name>testCar</name>
    <WheelMotionParamList>
        <LENGTH>5</LENGTH>
        <MAX_ANGLE>0.523</MAX_ANGLE>
        <ROTATE_SPEED>0.349</ROTATE_SPEED>
        <MAX_LINEAR_SPEED>30</MAX_LINEAR_SPEED>
        <MAX_FRONT_ACCELERATION>3</MAX_FRONT_ACCELERATION>
        <MAX_BRAKE_ACCELERATION>2.5</MAX_BRAKE_ACCELERATION>
        <MAX_LATERAL_ACCELERATION>1</MAX_LATERAL_ACCELERATION>
    </WheelMotionParamList>
    <entity>
        <Block>
            <length>6</length>
            <width>5.5</width>
            <height>2</height>
        </Block>
        <DamageModel/>
        <FireUnit>
            <fireZone>
                <yawLeft>0</yawLeft>
                <yawRight>0</yawRight>
                <pitchUp>0</pitchUp>
                <pitchDown>0</pitchDown>
            </fireZone>
            <rotateZone>
                <yawLeft>4</yawLeft>
                <yawRight>4</yawRight>
                <pitchUp>0.34906585</pitchUp>
                <pitchDown>0.174532925</pitchDown>
            </rotateZone>
            <rotateSpeed>
                <yaw>0.34906585</yaw>
                <pitch>0.174532925</pitch>
            </rotateSpeed>
            <weapon>
                <ammoType>125mmHE</ammoType>
                <ammoRemain>40</ammoRemain>
                <reloadingTime>6</reloadingTime>
                <range>5000</range>
                <speed>1300</speed>
            </weapon>
        </FireUnit>
        <Coordinate>
            <position>
                <x>0</x>
                <y>0</y>
                <z>-1</z>
            </position>
            <attitude>
                <roll>0</roll>
                <yaw>0</yaw>
                <pitch>0</pitch>
            </attitude>
        </Coordinate>
        <SensorData>
            <type>radar</type>
        </SensorData>
        <CommunicationData>
            <type>antenna</type>
        </CommunicationData>
        <!-- base -->
    </entity>
</car>
