<?xml version="1.0" encoding="UTF-8"?>

<car>
    <name>testCar</name>
    <WheelMotionParamList>
        <LENGTH>5</LENGTH>
        <MAX_ANGLE>0.523</MAX_ANGLE>
        <ROTATE_SPEED>0.349</ROTATE_SPEED>
        <MAX_LINEAR_SPEED>40</MAX_LINEAR_SPEED>
        <MAX_FRONT_ACCELERATION>3</MAX_FRONT_ACCELERATION>
        <MAX_BRAKE_ACCELERATION>2.5</MAX_BRAKE_ACCELERATION>
        <MAX_LATERAL_ACCELERATION>1</MAX_LATERAL_ACCELERATION>
    </WheelMotionParamList>
    <entity>
        <Block>
            <length>1.3</length>
            <width>1.3</width>
            <height>0.5</height>
        </Block>
        <DamageModel/>
        <FireUnit>
            <fireZone>
                <yawLeft>3.14159265</yawLeft>
                <yawRight>3.14159265</yawRight>
                <pitchUp>0.34906585</pitchUp>
                <pitchDown>0.174532925</pitchDown>
            </fireZone>
            <rotateZone>
                <yawLeft>0</yawLeft>
                <yawRight>0</yawRight>
                <pitchUp>0</pitchUp>
                <pitchDown>0</pitchDown>
            </rotateZone>
            <rotateSpeed>
                <yaw>0.34906585</yaw>
                <pitch>0.174532925</pitch>
            </rotateSpeed>
            <Weapon>
                <ammoType>125mmHE</ammoType>
                <ammoRemain>30</ammoRemain>
                <reloadingTime>8</reloadingTime>
                <range>3000</range>
                <speed>1300</speed>
            </Weapon>
        </FireUnit>
        <Coordinate>
            <position>
                <x>0</x>
                <y>0</y>
                <z>3</z>
            </position>
            <attitude>
                <roll>0</roll>
                <yaw>0</yaw>
                <pitch>0</pitch>
            </attitude>
        </Coordinate>
        <!-- base -->
    </entity>
</car>
